gene_id	WTS_1	WTS_2	WTS_3	WT_1	WT_2	WT_3
gene-OW489_RS00005	1301	1838	1752	1198	1583	974
gene-OW489_RS00010	1316	2817	2641	2957	3602	2697
gene-OW489_RS00015	16	113	78	23	35	24
gene-OW489_RS00020	1028	1357	1208	409	445	389
gene-OW489_RS00025	2432	2694	2685	936	1167	941
gene-OW489_RS00035	370	779	701	449	645	406
gene-OW489_RS00040	63	119	139	300	371	299
gene-OW489_RS00045	13	27	33	33	17	28
gene-OW489_RS00050	24	71	54	59	41	23
gene-OW489_RS00055	21	15	32	83	100	72
gene-OW489_RS00060	18	47	67	30	38	25
gene-OW489_RS00065	587	1679	1719	551	626	532
gene-OW489_RS00075	3446	3811	3935	1783	2308	1734
gene-OW489_RS00080	93	259	333	110	183	111
gene-OW489_RS00085	14806	16807	23976	26384	38771	28918
gene-OW489_RS00090	21	86	121	128	157	98
gene-OW489_RS00095	639	765	873	1377	2141	1290
gene-OW489_RS00100	929	819	885	1407	1560	1388
gene-OW489_RS00105	1286	1471	1448	2121	2601	1842
gene-OW489_RS00110	3732	5631	5978	5230	5662	4831
gene-OW489_RS00115	402	402	527	501	776	550
gene-OW489_RS00120	223	299	405	307	484	201
gene-OW489_RS00125	412	1021	1029	625	989	553
gene-OW489_RS00130	594	699	702	270	415	265
gene-OW489_RS00135	454	701	703	2976	3208	2856
gene-OW489_RS00140	13887	15874	18606	18869	19512	20219
gene-OW489_RS00150	772	1261	1396	229	530	217
gene-OW489_RS00155	2482	2154	2288	914	1367	1036
gene-OW489_RS00160	8612	11363	11469	8865	12732	9136
gene-OW489_RS00165	413	741	676	1052	1345	863
gene-OW489_RS00170	208	447	424	258	320	202
gene-OW489_RS00175	444	431	441	353	512	328
gene-OW489_RS00180	168	319	346	343	350	336
gene-OW489_RS00185	457	417	596	607	1277	646
gene-OW489_RS00190	5445	3832	4380	2386	3252	2103
gene-OW489_RS00195	1837	1893	1927	1792	2839	1614
gene-OW489_RS00200	1006	849	855	913	1032	957
gene-OW489_RS00205	1009	930	877	643	1008	572
gene-OW489_RS00210	675	883	800	416	636	379
gene-OW489_RS00215	112	182	161	74	62	61
gene-OW489_RS00220	238	756	728	521	521	440
gene-OW489_RS00225	1124	1223	1305	1039	1159	956
gene-OW489_RS00230	124	115	85	107	155	104
gene-OW489_RS00235	2502	2055	2062	1867	2453	1679
gene-OW489_RS00240	2596	2766	2665	2186	2628	1992
gene-OW489_RS00245	2071	2313	2197	1585	2148	1325
gene-OW489_RS00250	1362	1622	1514	932	1086	927
gene-OW489_RS00255	314	427	336	272	322	255
gene-OW489_RS00260	1073	903	781	832	936	767
gene-OW489_RS00265	261	425	413	368	625	353
gene-OW489_RS00270	135	144	157	106	92	95
gene-OW489_RS00275	160	153	157	62	77	57
gene-OW489_RS00285	289	453	438	405	557	421
gene-OW489_RS00290	1187	1538	1459	1592	2017	1427
gene-OW489_RS00295	10101	10135	11742	18657	20087	20819
gene-OW489_RS00300	2789	3362	3754	3220	5468	3366
gene-OW489_RS00305	88	122	144	88	113	112
gene-OW489_RS00310	948	1511	1617	765	877	825
gene-OW489_RS00315	668	544	530	493	837	502
gene-OW489_RS00320	170	282	310	317	415	420
gene-OW489_RS00325	1413	1352	1526	1710	2702	1645
gene-OW489_RS00330	1483	1474	1571	1403	1819	1280
gene-OW489_RS00335	372	293	259	3625	4534	3164
gene-OW489_RS00340	2314	2320	2687	8492	12494	8110
gene-OW489_RS00345	690	594	546	1423	1507	1523
gene-OW489_RS00350	362	513	531	1258	1342	1197
gene-OW489_RS00355	5565	5044	5213	3504	3940	3707
gene-OW489_RS00360	4278	6173	6101	9421	7244	9758
gene-OW489_RS00365	1595	2681	2780	3775	3717	3701
gene-OW489_RS00370	7236	7694	8369	9847	13876	9077
gene-OW489_RS00375	437	836	767	248	257	172
gene-OW489_RS00380	1723	2531	2331	442	630	440
gene-OW489_RS00385	1097	2041	2190	737	1061	556
gene-OW489_RS00390	3619	4662	4618	1712	2493	1453
gene-OW489_RS00395	1072	1502	1518	286	416	267
gene-OW489_RS00400	6874	7522	8102	2602	3995	2597
gene-OW489_RS00405	294	574	554	441	518	392
gene-OW489_RS00410	3219	3929	4145	3887	4917	3575
gene-OW489_RS00415	5118	5733	5955	6052	7340	5645
gene-OW489_RS00420	949	2418	2440	1454	1723	1187
gene-OW489_RS00425	1227	1047	1074	953	1361	997
gene-OW489_RS00430	552	817	841	1336	1854	1310
gene-OW489_RS00435	3696	2606	2921	4421	4393	4119
gene-OW489_RS00440	410	782	883	395	606	394
gene-OW489_RS00470	1436	1167	1322	1151	1228	1163
gene-OW489_RS00475	663	944	1034	723	1027	763
gene-OW489_RS00485	124	1824	1939	1676	1349	1506
gene-OW489_RS00490	3764	4919	4942	1759	2320	1683
gene-OW489_RS00495	13996	12437	12949	5630	7098	4998
gene-OW489_RS00500	3479	2946	2920	722	1001	766
gene-OW489_RS00505	3280	3913	3914	813	1101	635
gene-OW489_RS00510	5230	55026	54968	127841	91581	104655
gene-OW489_RS00515	126	202	140	189	181	128
gene-OW489_RS00520	59	112	74	78	117	58
gene-OW489_RS00525	9146	8191	8377	12943	16603	12234
gene-OW489_RS00530	1832	1555	1610	1741	2261	1448
gene-OW489_RS00535	497	534	614	541	936	474
gene-OW489_RS00540	120	157	208	243	343	201
gene-OW489_RS00545	36	27	43	33	57	55
gene-OW489_RS00550	1	17	15	9	12	7
gene-OW489_RS00555	5	10	10	1	6	5
gene-OW489_RS00560	242	371	341	179	251	166
gene-OW489_RS00565	61	73	71	47	64	36
gene-OW489_RS00570	478	912	979	1038	1362	900
gene-OW489_RS00575	187	275	265	710	757	655
gene-OW489_RS00605	523	605	667	1267	2391	1227
gene-OW489_RS00610	157	173	235	502	715	523
gene-OW489_RS00615	577	1355	1429	1533	2117	1292
gene-OW489_RS00620	200	565	540	1068	1371	862
gene-OW489_RS00630	12528	10962	11434	15399	20219	13722
gene-OW489_RS00635	16754	13610	14341	26381	26223	25059
gene-OW489_RS00640	10295	7624	8490	13519	20964	12524
gene-OW489_RS00645	108	92	87	50	61	51
gene-OW489_RS00655	1213	1470	1395	2005	2285	1906
gene-OW489_RS00660	211	120	161	214	259	202
gene-OW489_RS00665	2425	2516	2718	4099	5912	4052
gene-OW489_RS00670	212	169	225	191	376	229
gene-OW489_RS00675	117	185	209	285	327	339
gene-OW489_RS00680	817	1221	1411	1288	2133	1265
gene-OW489_RS00685	546	447	523	320	498	311
gene-OW489_RS00695	750	974	819	119	199	104
gene-OW489_RS00700	124	235	212	34	40	36
gene-OW489_RS00705	339	488	389	98	85	74
gene-OW489_RS00710	955	1355	1261	808	895	749
gene-OW489_RS00715	2313	3331	3434	4019	5095	3684
gene-OW489_RS00720	2604	2592	2589	2818	3669	3062
gene-OW489_RS00725	711	546	502	911	1212	825
gene-OW489_RS00730	169	210	188	195	309	185
gene-OW489_RS00735	141	304	354	448	708	399
gene-OW489_RS00740	3	12	6	4	2	0
gene-OW489_RS00745	27	48	48	22	11	21
gene-OW489_RS00750	1	10	12	1	4	3
gene-OW489_RS00755	685	1731	1644	421	565	426
gene-OW489_RS00760	718	1693	1834	575	816	571
gene-OW489_RS00770	1398	1432	1757	2517	4060	2586
gene-OW489_RS00775	9951	8893	9727	12805	18235	11943
gene-OW489_RS00780	841	6723	7580	12208	14906	12481
gene-OW489_RS08175	13	7	1	38	24	26
gene-OW489_RS00815	12	11	5	41	34	35
gene-OW489_RS00830	1514	856	737	872	1324	869
gene-OW489_RS00835	9886	4727	4906	5425	6091	5220
gene-OW489_RS00840	496	805	864	508	556	413
gene-OW489_RS00845	6417	5255	6086	5582	8212	5259
gene-OW489_RS00850	23208	16069	18040	15459	24416	14737
gene-OW489_RS00855	60055	42814	47391	67388	117511	55577
gene-OW489_RS00860	18374	16286	15926	23832	27766	21425
gene-OW489_RS00870	97	182	206	97	90	98
gene-OW489_RS00875	1377	1379	1391	1186	1458	1086
gene-OW489_RS00880	857	5012	4695	4807	4245	3787
gene-OW489_RS00885	5663	5808	5469	383	568	431
gene-OW489_RS00890	351	478	595	682	741	596
gene-OW489_RS00900	3441	5338	5545	5464	7077	4981
gene-OW489_RS00910	9217	5865	6187	1310	1281	1485
gene-OW489_RS00915	7300	9357	10785	1957	2794	2029
gene-OW489_RS00920	261	301	352	411	532	325
gene-OW489_RS00925	6658	7226	7778	8755	12249	7979
gene-OW489_RS00930	1776	2420	2423	2983	3896	2660
gene-OW489_RS00935	9980	9627	10522	20723	26306	19623
gene-OW489_RS00940	423	539	549	203	291	258
gene-OW489_RS00945	12091	6908	7346	11390	14899	13954
gene-OW489_RS00950	2877	12019	11998	10812	9176	8374
gene-OW489_RS00960	252	243	303	105	113	65
gene-OW489_RS00965	266	234	221	58	76	51
gene-OW489_RS00970	213	320	338	153	176	121
gene-OW489_RS00975	168	283	282	233	324	233
gene-OW489_RS00980	1700	1411	1491	1406	1491	1283
gene-OW489_RS00985	6093	8141	7965	5820	7269	5618
gene-OW489_RS00990	1150	1410	1375	1631	2187	1524
gene-OW489_RS00995	5648	5658	6178	8534	12286	8432
gene-OW489_RS01000	2742	1882	2009	2481	3943	2427
gene-OW489_RS01005	55	81	89	41	52	25
gene-OW489_RS01010	309	547	557	63	98	54
gene-OW489_RS01030	78	141	141	99	123	81
gene-OW489_RS01035	1057	967	968	1872	1857	1941
gene-OW489_RS01040	299	271	359	504	699	489
gene-OW489_RS01045	163	90	141	130	215	155
gene-OW489_RS01050	12	10	11	17	32	16
gene-OW489_RS01055	241	261	481	3811	14230	3218
gene-OW489_RS01060	221	123	191	1700	3353	1681
gene-OW489_RS01065	1529	713	852	8882	19691	8689
gene-OW489_RS01070	1267	1456	1342	982	1147	908
gene-OW489_RS01075	227	611	579	906	1022	792
gene-OW489_RS01080	6182	6797	8827	1540	3124	1368
gene-OW489_RS01085	5533	6173	8937	2925	4677	2757
gene-OW489_RS01090	825	1168	1162	1869	2201	1670
gene-OW489_RS01095	508	436	469	722	915	560
gene-OW489_RS01100	10	24	26	30	61	28
gene-OW489_RS01105	2317	1940	2674	3878	7619	3797
gene-OW489_RS01110	8488	9076	9006	4513	5333	4459
gene-OW489_RS01115	3023	4282	4228	2070	2209	1908
gene-OW489_RS01120	469	1219	1086	698	775	727
gene-OW489_RS01125	11465	9727	9640	5179	5860	5454
gene-OW489_RS01130	30449	30866	31162	23352	27933	22576
gene-OW489_RS01140	16596	16525	16517	11084	10511	10583
gene-OW489_RS01145	469	417	495	583	821	579
gene-OW489_RS01150	695	755	765	892	1269	882
gene-OW489_RS01155	3165	1859	1805	2620	2853	2736
gene-OW489_RS01160	65	135	148	97	189	89
gene-OW489_RS01165	2556	2403	2673	4186	6107	3497
gene-OW489_RS01170	2862	2142	2347	3741	4825	3689
gene-OW489_RS01175	5220	4851	5422	8548	11753	7699
gene-OW489_RS01180	1911	1748	1819	2186	2653	2303
gene-OW489_RS01185	11751	8833	9048	2377	3615	2244
gene-OW489_RS01190	9584	8986	9392	2727	3895	2358
gene-OW489_RS01195	204	288	313	134	197	114
gene-OW489_RS01200	1135	787	684	647	727	627
gene-OW489_RS01205	1280	1792	2209	3814	5147	4281
gene-OW489_RS01210	1089	1210	1523	2811	4653	3154
gene-OW489_RS01215	372	426	509	857	2202	847
gene-OW489_RS01220	4104	2933	3400	6926	8617	6155
gene-OW489_RS01225	453	1157	1333	2851	4490	2631
gene-OW489_RS01230	3458	2650	3081	4550	8135	4293
gene-OW489_RS01235	339	286	324	456	606	423
gene-OW489_RS01240	2025	3033	3075	3596	4591	3518
gene-OW489_RS01245	199	514	465	333	360	338
gene-OW489_RS01250	796	980	1317	1857	3299	2024
gene-OW489_RS01255	2105	2351	3239	4588	7263	4841
gene-OW489_RS01260	616	589	910	906	1792	923
gene-OW489_RS01265	1448	1716	2453	1931	3195	1700
gene-OW489_RS01270	779	824	964	512	842	472
gene-OW489_RS01275	673	606	671	317	453	239
gene-OW489_RS01280	162	394	464	152	238	109
gene-OW489_RS01285	53	144	217	161	320	167
gene-OW489_RS01290	1034	1612	1608	791	862	807
gene-OW489_RS01295	1187	1375	1517	440	516	371
gene-OW489_RS01300	3432	5104	6029	1563	2917	1359
gene-OW489_RS01305	20744	17794	19316	10552	13995	10177
gene-OW489_RS01310	29	92	90	24	60	25
gene-OW489_RS01315	86	89	111	36	47	21
gene-OW489_RS01320	1452	1823	2036	1801	2881	1790
gene-OW489_RS01325	2379	2063	2343	3810	5594	3669
gene-OW489_RS01330	563	894	933	682	1035	707
gene-OW489_RS01340	155	202	257	128	170	136
gene-OW489_RS01345	79	303	268	146	222	140
gene-OW489_RS01355	13393	12926	15009	16078	23260	15377
gene-OW489_RS01360	20908	13819	15024	14941	16446	15382
gene-OW489_RS01365	3464	5046	5115	5171	4716	5476
gene-OW489_RS01370	348	489	494	431	652	407
gene-OW489_RS01375	134	300	304	211	246	191
gene-OW489_RS01380	214	456	413	196	257	157
gene-OW489_RS01385	553	810	806	413	568	396
gene-OW489_RS01390	6449	6470	6815	5053	6691	4528
gene-OW489_RS01395	2059	2026	2321	2274	3303	2598
gene-OW489_RS01400	998	1680	1905	1501	1645	1593
gene-OW489_RS01405	1100	2532	2716	2937	3913	2767
gene-OW489_RS01415	1439	1263	1578	952	1237	934
gene-OW489_RS01420	741	743	739	475	616	394
gene-OW489_RS01425	12505	5285	5517	8752	11703	8188
gene-OW489_RS01430	5546	4732	5716	8454	11011	8527
gene-OW489_RS01435	1541	1954	2445	2467	3717	2495
gene-OW489_RS01440	1006	1493	1551	1930	2539	2001
gene-OW489_RS01445	1432	1043	1163	1842	2194	2020
gene-OW489_RS01450	395	625	769	1048	1921	1260
gene-OW489_RS01455	2170	2184	2473	3300	3976	3776
gene-OW489_RS01460	872	1226	1511	1069	1527	1325
gene-OW489_RS01465	70	77	72	21	22	23
gene-OW489_RS01470	229	1010	1235	1005	1461	1012
gene-OW489_RS01475	609	982	1492	836	2243	870
gene-OW489_RS01480	1020	888	1449	736	2338	844
gene-OW489_RS01485	41	121	135	152	161	134
gene-OW489_RS01490	75	138	99	230	232	297
gene-OW489_RS01505	1259	772	721	1316	1550	1278
gene-OW489_RS01510	29	61	37	4	22	9
gene-OW489_RS01515	95	68	82	14	18	19
gene-OW489_RS01520	0	0	3	3	3	6
gene-OW489_RS01525	178	300	358	184	335	173
gene-OW489_RS01530	7544	7881	8980	12674	17736	11815
gene-OW489_RS01535	120	200	211	314	219	306
gene-OW489_RS01540	436	354	372	194	282	137
gene-OW489_RS01545	2428	2733	3035	1795	2369	1578
gene-OW489_RS01550	642	634	710	489	556	449
gene-OW489_RS01555	47	66	93	77	134	119
gene-OW489_RS01560	164	244	246	244	302	319
gene-OW489_RS01565	160	562	656	585	599	543
gene-OW489_RS01570	344	517	569	183	232	165
gene-OW489_RS01575	2221	3279	3400	4710	5793	4312
gene-OW489_RS01580	219	323	395	288	370	231
gene-OW489_RS01585	157	282	368	853	1581	735
gene-OW489_RS01590	283	142	231	548	1293	523
gene-OW489_RS01595	808	1268	1292	1066	1874	923
gene-OW489_RS01600	520	625	681	426	930	447
gene-OW489_RS01605	1766	3720	4856	6024	8439	5816
gene-OW489_RS01615	159	300	302	220	242	247
gene-OW489_RS01620	578	1024	1103	4148	4722	3322
gene-OW489_RS01625	13	27	18	57	61	66
gene-OW489_RS01630	11	49	39	3	9	9
gene-OW489_RS01635	2179	5400	6332	8108	9362	6601
gene-OW489_RS01640	248	429	451	380	419	269
gene-OW489_RS01645	2798	2822	4016	5009	10181	5054
gene-OW489_RS01650	861	807	1103	1388	3448	1351
gene-OW489_RS01655	4486	4796	6772	7986	18053	7022
gene-OW489_RS01660	2312	1950	2383	1998	3471	2392
gene-OW489_RS01665	1693	2239	2388	2828	2381	2889
gene-OW489_RS01670	49	165	158	125	150	90
gene-OW489_RS01675	602	432	395	320	440	347
gene-OW489_RS01680	1425	1504	1548	1419	1774	1295
gene-OW489_RS01685	1330	1526	1509	889	1181	704
gene-OW489_RS01690	847	1024	1166	514	658	418
gene-OW489_RS01695	1110	1395	1655	1299	1686	934
gene-OW489_RS01700	4847	2223	2566	6253	8963	5323
gene-OW489_RS01705	9152	11991	14096	74886	104224	69021
gene-OW489_RS01710	1253	1543	1578	1036	1312	898
gene-OW489_RS01715	571	470	461	460	626	369
gene-OW489_RS01720	1055	1675	1728	986	1142	989
gene-OW489_RS01725	5160	5155	5347	5065	6285	4304
gene-OW489_RS01730	5758	4787	4921	6180	6828	5676
gene-OW489_RS01735	662	672	621	410	700	400
gene-OW489_RS01740	1488	1232	1275	839	1147	702
gene-OW489_RS01745	1105	2165	2119	1046	1276	903
gene-OW489_RS01750	16	43	48	6	4	8
gene-OW489_RS01755	3583	4442	4831	3200	3329	3169
gene-OW489_RS01760	3718	3250	3573	3709	4551	3693
gene-OW489_RS01765	3785	3140	3402	922	1388	891
gene-OW489_RS01770	693	817	787	178	257	167
gene-OW489_RS01775	1507	1994	2065	201	408	184
gene-OW489_RS01780	296	304	301	66	99	82
gene-OW489_RS01785	280	401	538	64	186	43
gene-OW489_RS01790	26	69	62	27	28	17
gene-OW489_RS01795	72	224	206	245	241	204
gene-OW489_RS01800	119	342	328	251	315	225
gene-OW489_RS01805	57	77	63	30	54	21
gene-OW489_RS01810	2103	1748	2589	4825	8895	4517
gene-OW489_RS01815	1036	899	1065	1906	3491	1929
gene-OW489_RS01820	1050	994	1358	1772	2988	1593
gene-OW489_RS01825	849	820	972	1560	2726	1457
gene-OW489_RS01830	830	1704	1965	3751	4689	3601
gene-OW489_RS01835	4462	3599	4322	6133	10283	6395
gene-OW489_RS01840	221	379	491	363	819	430
gene-OW489_RS01845	1574	1636	2091	877	2122	797
gene-OW489_RS01850	345	553	627	355	559	286
gene-OW489_RS01855	230	495	501	366	381	305
gene-OW489_RS01860	76	144	138	104	75	99
gene-OW489_RS01865	2047	2226	2630	2738	3592	2598
gene-OW489_RS01870	1159	1309	1491	1126	1661	1043
gene-OW489_RS01875	489	662	665	570	588	596
gene-OW489_RS01880	4172	2916	3023	1902	2321	1842
gene-OW489_RS01885	274	527	505	172	270	146
gene-OW489_RS01890	1721	1425	1348	734	838	670
gene-OW489_RS01895	190	256	245	242	277	199
gene-OW489_RS01900	1985	2013	2232	959	1228	840
gene-OW489_RS01905	219	344	409	348	572	322
gene-OW489_RS01910	591	907	979	828	1541	698
gene-OW489_RS01915	494	758	836	724	984	643
gene-OW489_RS01920	769	910	973	852	1023	872
gene-OW489_RS01925	235	313	323	200	205	166
gene-OW489_RS01930	634	1069	1122	750	967	759
gene-OW489_RS01935	687	1285	1202	818	1171	676
gene-OW489_RS01940	1293	1303	1232	674	711	603
gene-OW489_RS01945	445	415	416	232	381	185
gene-OW489_RS01950	822	1097	1153	526	788	524
gene-OW489_RS01955	466	734	633	139	131	92
gene-OW489_RS01960	10386	8880	13737	1088	2791	1154
gene-OW489_RS01965	3636	4661	5339	1584	2070	1360
gene-OW489_RS01970	2600	6763	6999	2486	2279	2474
gene-OW489_RS01975	3097	5767	5715	2504	2157	2633
gene-OW489_RS01980	8216	7249	7911	2708	3999	2688
gene-OW489_RS01985	1242	795	1007	514	1240	436
gene-OW489_RS01990	997	660	861	523	1340	450
gene-OW489_RS01995	380	312	523	230	703	228
gene-OW489_RS02000	1453	822	1243	656	2029	533
gene-OW489_RS02005	1448	1297	1840	778	2190	675
gene-OW489_RS02010	1028	1450	1514	579	709	469
gene-OW489_RS02015	1582	2384	2557	4121	6857	4129
gene-OW489_RS02020	710	656	945	805	1226	968
gene-OW489_RS02025	68	86	84	60	98	101
gene-OW489_RS02030	146	181	219	22	47	24
gene-OW489_RS02035	1165	952	913	242	247	263
gene-OW489_RS02040	6043	3894	4237	3738	4738	3856
gene-OW489_RS02055	384	501	482	385	591	376
gene-OW489_RS02060	1272	1687	1970	1185	1852	1035
gene-OW489_RS02065	874	1272	1342	1340	1792	1271
gene-OW489_RS02070	11645	7810	8219	43043	59482	43163
gene-OW489_RS02075	11570	11487	12084	5058	6770	5053
gene-OW489_RS02080	2922	4986	5068	2867	2815	2751
gene-OW489_RS02085	655	1102	1185	1492	2067	1305
gene-OW489_RS02090	534	825	991	1647	2213	1476
gene-OW489_RS02095	1700	1966	2128	3281	3775	3635
gene-OW489_RS02100	2979	4747	4813	2620	2967	2761
gene-OW489_RS02105	2647	2923	2858	2823	3222	2770
gene-OW489_RS02110	785	693	703	395	574	394
gene-OW489_RS02115	89	165	142	63	78	30
gene-OW489_RS02120	119	204	205	86	152	102
gene-OW489_RS02125	341	480	452	67	136	75
gene-OW489_RS02130	447	710	742	158	197	138
gene-OW489_RS02135	10	23	37	7	4	1
gene-OW489_RS02140	890	1435	1574	714	1309	807
gene-OW489_RS02145	895	1123	1287	874	951	876
gene-OW489_RS02150	56	105	120	81	105	76
gene-OW489_RS02155	390	582	493	202	353	247
gene-OW489_RS02160	4	14	9	4	7	3
gene-OW489_RS02205	469	390	452	214	219	134
gene-OW489_RS02210	2298	2034	2158	2026	2575	1771
gene-OW489_RS02215	3178	3511	3754	4627	5356	4481
gene-OW489_RS02220	65	128	123	193	177	162
gene-OW489_RS02225	4031	3600	3887	3654	4333	3295
gene-OW489_RS02230	1807	2294	2401	2214	2691	1817
gene-OW489_RS02235	1233	1185	1189	642	984	564
gene-OW489_RS02240	3384	2723	2813	2051	2648	1984
gene-OW489_RS02245	3390	2606	2580	2471	3009	2303
gene-OW489_RS02250	377	430	378	194	336	161
gene-OW489_RS02260	2725	4002	4177	1810	2178	1598
gene-OW489_RS02265	576	524	560	259	344	219
gene-OW489_RS02270	2465	3252	3094	1865	2180	1755
gene-OW489_RS02275	1286	2175	2322	1203	1821	1093
gene-OW489_RS02280	3005	2347	2494	1982	2434	1875
gene-OW489_RS02285	162	321	325	105	146	61
gene-OW489_RS02290	23	53	55	8	6	4
gene-OW489_RS02295	973	1490	1503	488	454	425
gene-OW489_RS02300	843	707	818	951	1283	864
gene-OW489_RS02305	81	103	90	123	164	111
gene-OW489_RS02310	878	1146	1095	793	974	777
gene-OW489_RS02315	112	155	179	89	127	57
gene-OW489_RS02320	59	81	84	52	67	39
gene-OW489_RS02335	395	391	403	327	393	371
gene-OW489_RS02340	4925	5574	6207	2027	2865	2041
gene-OW489_RS02345	859	1253	1245	696	815	688
gene-OW489_RS02355	415	853	859	1296	1059	1356
gene-OW489_RS02360	1481	1785	1880	773	1234	699
gene-OW489_RS02365	1588	1562	1579	1038	1239	913
gene-OW489_RS02370	990	864	1056	897	1560	927
gene-OW489_RS02375	10387	9870	10472	12717	13268	12977
gene-OW489_RS02380	1478	2548	2927	2306	3485	2055
gene-OW489_RS02385	3906	5458	5731	6452	7113	6143
gene-OW489_RS02390	632	880	1034	547	580	493
gene-OW489_RS02395	51	198	206	43	22	27
gene-OW489_RS02400	194	390	346	136	190	102
gene-OW489_RS02405	14	24	25	8	9	3
gene-OW489_RS02410	256	401	363	122	208	107
gene-OW489_RS02415	224	379	367	117	131	75
gene-OW489_RS02420	1161	1200	1326	622	654	580
gene-OW489_RS02425	1125	2029	2124	703	924	609
gene-OW489_RS02430	1878	2087	2341	2588	3282	2211
gene-OW489_RS02435	430	759	697	944	1035	851
gene-OW489_RS02440	106	205	244	60	72	32
gene-OW489_RS02445	368	416	441	293	304	280
gene-OW489_RS02450	294	717	710	250	351	299
gene-OW489_RS02455	307	521	613	172	335	175
gene-OW489_RS02460	133	338	349	169	210	169
gene-OW489_RS02465	6929	6107	8044	9543	16091	9708
gene-OW489_RS02470	383	807	1198	867	2039	772
gene-OW489_RS02475	7657	4497	5075	2739	3567	2715
gene-OW489_RS02480	1144	926	1050	432	471	305
gene-OW489_RS02485	5080	6104	6239	2766	3501	2565
gene-OW489_RS02490	189	249	209	71	141	71
gene-OW489_RS02495	678	696	691	144	239	171
gene-OW489_RS02500	2447	2841	2972	4998	5868	5370
gene-OW489_RS02505	559	845	776	418	531	359
gene-OW489_RS02510	3381	3426	3701	5039	6557	4846
gene-OW489_RS02515	340	453	461	284	429	299
gene-OW489_RS02520	1892	2395	2468	1566	1981	1305
gene-OW489_RS02525	8268	10636	10940	5458	6190	4986
gene-OW489_RS02530	2152	2232	2373	311	513	348
gene-OW489_RS02535	4706	6918	7045	19746	18793	18884
gene-OW489_RS02540	14374	7368	8620	26660	37904	27058
gene-OW489_RS02545	478	751	1038	1094	2718	921
gene-OW489_RS02550	1237	1411	2264	1285	3349	1174
gene-OW489_RS02555	795	730	914	595	1048	590
gene-OW489_RS02560	326	321	405	273	399	243
gene-OW489_RS02565	775	845	850	615	782	499
gene-OW489_RS02570	110	171	211	119	114	110
gene-OW489_RS02575	429	449	491	339	493	325
gene-OW489_RS02580	20	20	36	21	30	20
gene-OW489_RS02585	508	661	620	405	647	435
gene-OW489_RS02590	3409	3717	3986	2585	3212	2381
gene-OW489_RS02595	158	279	324	166	298	140
gene-OW489_RS02600	195	199	271	275	407	281
gene-OW489_RS02605	420	581	656	697	974	795
gene-OW489_RS02610	411	702	693	808	883	871
gene-OW489_RS02615	1338	2374	2411	538	689	441
gene-OW489_RS02620	2090	2206	2575	1642	2569	1313
gene-OW489_RS02625	4362	3283	3340	3271	4331	2758
gene-OW489_RS02630	8771	8220	9244	10371	13429	9336
gene-OW489_RS02635	887	887	1097	603	1057	550
gene-OW489_RS02640	692	1057	1117	326	547	313
gene-OW489_RS02645	353	443	497	177	418	165
gene-OW489_RS02650	1402	1646	2046	1791	2958	1813
gene-OW489_RS02655	2946	3320	3639	2329	3228	2080
gene-OW489_RS02660	13916	13306	14161	11879	16598	11030
gene-OW489_RS02665	344	351	365	212	274	220
gene-OW489_RS02670	923	1495	1618	1001	1403	860
gene-OW489_RS02685	4	13	8	6	6	1
gene-OW489_RS02690	20	79	73	29	45	22
gene-OW489_RS02695	179	365	375	170	239	148
gene-OW489_RS02700	1257	1642	1724	1673	2257	1495
gene-OW489_RS02705	740	1319	1309	1273	1656	1127
gene-OW489_RS02710	4078	5190	5693	8287	11885	7152
gene-OW489_RS02715	2341	1136	1240	2052	3080	2010
gene-OW489_RS02720	6215	6756	7523	14194	21558	12466
gene-OW489_RS02725	240	530	533	231	362	244
gene-OW489_RS02730	1	11	9	1	0	1
gene-OW489_RS02735	22670	24296	26574	41587	48401	39958
gene-OW489_RS08110	5	2	2	1	3	0
gene-OW489_RS02755	1393	1560	1679	2350	2923	2035
gene-OW489_RS02760	10	13	22	16	14	10
gene-OW489_RS02765	137	240	296	179	267	107
gene-OW489_RS02770	20	54	28	11	19	12
gene-OW489_RS02775	6122	4698	5482	8165	9768	8726
gene-OW489_RS02780	317	621	803	675	1143	820
gene-OW489_RS02785	27	90	105	127	243	131
gene-OW489_RS02790	54	122	106	19	64	24
gene-OW489_RS02800	3457	3511	3657	6033	6561	5712
gene-OW489_RS02805	8255	9856	10278	8386	8793	7873
gene-OW489_RS02840	4906	5755	6289	2483	3820	2379
gene-OW489_RS02845	2205	4184	4584	2928	3919	2817
gene-OW489_RS02850	1014	2379	2426	2001	2543	1902
gene-OW489_RS02855	1011	1041	994	484	620	411
gene-OW489_RS02860	348	572	547	277	400	226
gene-OW489_RS02865	49	60	70	62	72	48
gene-OW489_RS02870	529	777	778	392	416	335
gene-OW489_RS02875	4911	5166	6202	5595	7650	5362
gene-OW489_RS02880	1517	1372	1663	817	1072	798
gene-OW489_RS02885	318	675	850	157	426	154
gene-OW489_RS02890	5100	5654	6488	7531	11254	6607
gene-OW489_RS02895	14090	12509	13566	12656	17360	11455
gene-OW489_RS02910	922	1630	1632	801	964	743
gene-OW489_RS02915	2030	1755	1886	763	1160	823
gene-OW489_RS02920	1624	1874	1834	1551	2121	1438
gene-OW489_RS02925	554	597	810	757	1416	795
gene-OW489_RS02930	444	508	659	477	857	567
gene-OW489_RS02940	13802	10415	10945	14770	15670	14043
gene-OW489_RS02950	237	804	1010	993	1915	1074
gene-OW489_RS02955	147	229	326	164	403	183
gene-OW489_RS02960	4378	4765	5972	3358	5684	3065
gene-OW489_RS02965	1974	2645	2928	823	1062	669
gene-OW489_RS02970	3050	2501	2664	1070	1545	870
gene-OW489_RS02980	3646	1853	2236	6569	9957	6225
gene-OW489_RS02985	1443	2358	2480	3069	3654	2629
gene-OW489_RS02995	2419	2845	2901	1712	2545	1525
gene-OW489_RS03000	2250	2403	2522	2742	3115	2664
gene-OW489_RS03005	1562	2220	2010	2626	3290	2668
gene-OW489_RS03010	3380	5203	5033	3643	4830	3254
gene-OW489_RS03015	937	2568	2461	1590	1687	1220
gene-OW489_RS03020	1494	2352	2521	1648	2074	1648
gene-OW489_RS03025	3258	5318	5452	5216	6527	4968
gene-OW489_RS03030	1105	2000	2120	2863	3221	2934
gene-OW489_RS03035	1732	3019	3343	6166	7060	6717
gene-OW489_RS03040	1675	1929	2055	2330	3118	2287
gene-OW489_RS03050	12	8	5	20	24	19
gene-OW489_RS03055	263	4693	4174	1084	1771	1143
gene-OW489_RS03060	3391	5270	5780	6282	7975	5565
gene-OW489_RS03065	627	1563	1695	1149	1430	907
gene-OW489_RS03070	425	761	756	527	719	417
gene-OW489_RS03075	1632	1955	1927	3382	4407	3057
gene-OW489_RS03080	4313	4187	4458	8594	10940	7885
gene-OW489_RS03085	51	55	65	87	89	89
gene-OW489_RS03090	2177	2660	2565	4997	6536	4580
gene-OW489_RS03095	3435	5919	6198	6203	8790	6070
gene-OW489_RS03100	12824	12894	13507	7366	11025	6935
gene-OW489_RS03105	7176	8988	10290	11199	16902	10966
gene-OW489_RS03110	4838	5195	5427	9701	7715	10059
gene-OW489_RS03115	27	94	121	18	28	24
gene-OW489_RS03120	2341	2372	2868	14794	21807	10449
gene-OW489_RS03130	1803	2523	2361	469	725	405
gene-OW489_RS03135	22472	15654	16115	6857	8596	5967
gene-OW489_RS03140	1403	2849	3286	3686	4601	3460
gene-OW489_RS03145	4867	4114	4908	3493	5537	3691
gene-OW489_RS03150	810	618	703	383	403	470
gene-OW489_RS03155	919	1427	1610	810	1409	779
gene-OW489_RS03160	1227	1341	1480	568	850	581
gene-OW489_RS03170	7732	6021	8372	3291	5594	3206
gene-OW489_RS03175	14830	9165	12960	8997	13132	9864
gene-OW489_RS03180	2951	5437	5662	5760	5133	6341
gene-OW489_RS03185	3950	4262	4673	2112	2751	2560
gene-OW489_RS03190	2357	4808	5275	2958	4216	3052
gene-OW489_RS03195	1127	1847	1983	2053	2452	2014
gene-OW489_RS03200	343	1154	1083	354	471	372
gene-OW489_RS03205	9794	7726	8852	15160	19653	14504
gene-OW489_RS03210	290	399	429	579	728	679
gene-OW489_RS03215	107	146	161	169	164	142
gene-OW489_RS03220	193	364	384	61	145	49
gene-OW489_RS03225	17003	7429	8778	8100	10834	7524
gene-OW489_RS03230	22379	17563	20259	22574	34438	20483
gene-OW489_RS03235	320	649	621	506	593	600
gene-OW489_RS03240	864	1102	1223	1057	1532	1041
gene-OW489_RS03245	421	1939	2008	2442	2474	1979
gene-OW489_RS03250	592	428	501	426	561	361
gene-OW489_RS03255	919	954	1030	780	971	677
gene-OW489_RS03260	2273	2703	2822	2760	3377	2635
gene-OW489_RS03265	1134	980	1124	672	633	587
gene-OW489_RS03270	233	599	511	167	195	175
gene-OW489_RS03275	8	73	83	14	18	16
gene-OW489_RS03280	90	206	205	81	94	74
gene-OW489_RS03285	762	1060	1126	646	848	492
gene-OW489_RS03290	273	855	895	437	475	418
gene-OW489_RS03295	609	1255	1508	397	519	293
gene-OW489_RS03300	2439	2377	2485	1516	1964	1367
gene-OW489_RS03305	45	70	46	32	35	22
gene-OW489_RS03310	0	3	3	4	4	0
gene-OW489_RS03315	726	1955	2255	1109	1456	832
gene-OW489_RS03320	182	275	331	205	250	188
gene-OW489_RS03325	1731	1542	1407	1520	930	1653
gene-OW489_RS03330	5843	4239	4465	5777	7574	5832
gene-OW489_RS03335	4043	2376	2570	3487	6427	3440
gene-OW489_RS03340	748	851	931	1216	2009	1260
gene-OW489_RS03345	1465	2960	3241	800	1142	768
gene-OW489_RS03350	43	88	87	25	28	22
gene-OW489_RS03355	596	674	743	352	534	415
gene-OW489_RS03360	6194	9467	12249	16952	21197	16642
gene-OW489_RS03365	4903	4310	4882	4947	6990	4862
gene-OW489_RS03370	1682	1709	1765	1537	2094	1200
gene-OW489_RS03375	2196	2284	2376	1925	3179	1616
gene-OW489_RS03380	8997	8426	9146	13757	16896	13000
gene-OW489_RS03385	0	12	11	0	0	0
gene-OW489_RS03390	141347	116170	127532	179655	192115	174924
gene-OW489_RS03395	1669	1286	1608	416	706	386
gene-OW489_RS03400	94	234	325	66	140	59
gene-OW489_RS03405	3677	3921	4409	4774	5954	4949
gene-OW489_RS03410	3255	3334	4318	5360	8495	4834
gene-OW489_RS03415	686	724	901	1026	1327	1111
gene-OW489_RS03420	4178	3435	4507	4177	7183	4264
gene-OW489_RS03425	122	241	286	304	374	297
gene-OW489_RS03430	3273	3551	4756	1416	2463	1228
gene-OW489_RS03435	7	8	3	2	3	2
gene-OW489_RS03440	3	75	72	22	21	7
gene-OW489_RS03445	281	507	550	357	474	341
gene-OW489_RS03450	1781	1578	1661	2577	3665	2309
gene-OW489_RS03455	823	999	956	1254	1737	1225
gene-OW489_RS03460	1894	2394	2684	2643	3997	2764
gene-OW489_RS03465	456	334	374	467	690	526
gene-OW489_RS03470	96	289	432	208	540	114
gene-OW489_RS03475	188	941	828	530	677	501
gene-OW489_RS03480	2402	2957	2863	2317	2442	2348
gene-OW489_RS03485	766	1135	1110	308	422	198
gene-OW489_RS03490	250	444	433	171	207	113
gene-OW489_RS03495	1079	1172	1240	499	544	388
gene-OW489_RS03500	847	1439	1538	520	726	421
gene-OW489_RS03505	2338	2420	2724	3070	3049	2969
gene-OW489_RS03510	563	555	797	1355	3643	1182
gene-OW489_RS03515	312	256	322	705	1405	653
gene-OW489_RS03520	112	102	132	130	180	111
gene-OW489_RS03525	1817	1026	1062	2313	3540	2782
gene-OW489_RS03530	865	670	761	5971	9232	6303
gene-OW489_RS03535	1219	960	1220	9912	16792	10063
gene-OW489_RS03540	218	232	315	2482	4734	2429
gene-OW489_RS03545	787	352	389	1856	3207	1937
gene-OW489_RS03550	404	293	328	898	1923	734
gene-OW489_RS03555	307	714	685	1013	1304	975
gene-OW489_RS03560	804	1446	1495	2245	2608	2160
gene-OW489_RS03570	565	964	913	440	511	375
gene-OW489_RS03755	2	4	4	3	0	1
gene-OW489_RS03760	27	36	28	16	25	4
gene-OW489_RS03765	16	48	50	4	4	4
gene-OW489_RS03770	1996	2052	2201	501	628	399
gene-OW489_RS03775	7617	8132	8874	5692	6944	5734
gene-OW489_RS03780	2119	2459	2442	1709	2119	1824
gene-OW489_RS03785	1818	2066	2097	1534	2444	1335
gene-OW489_RS03790	489	636	657	497	863	397
gene-OW489_RS03795	5961	5348	5202	5773	7416	5568
gene-OW489_RS03800	92	102	111	54	88	55
gene-OW489_RS03805	1450	1896	2256	1173	1751	1091
gene-OW489_RS03810	5622	3400	4268	2291	4624	2116
gene-OW489_RS03815	13816	7920	11806	5159	15750	4172
gene-OW489_RS03820	22803	10435	14651	6803	14481	5637
gene-OW489_RS03825	2004	2817	3252	1848	2548	1569
gene-OW489_RS03830	2230	1598	2378	790	2081	731
gene-OW489_RS03835	120	134	203	95	248	72
gene-OW489_RS03840	268	343	591	283	696	230
gene-OW489_RS03845	819	563	1025	468	1288	344
gene-OW489_RS03850	736	774	848	1414	1828	1302
gene-OW489_RS03855	983	1275	1350	462	740	516
gene-OW489_RS03860	1788	2640	4382	557	945	481
gene-OW489_RS03865	540	812	913	518	689	372
gene-OW489_RS03870	285	464	504	713	628	673
gene-OW489_RS03880	46	20	51	37	219	28
gene-OW489_RS03885	10	29	47	56	49	36
gene-OW489_RS03895	9063	7378	8291	4559	5599	4292
gene-OW489_RS03900	1637	1934	2139	1586	1950	1712
gene-OW489_RS03905	92	144	187	55	90	74
gene-OW489_RS03910	326	345	315	68	98	46
gene-OW489_RS03915	51	90	75	82	77	71
gene-OW489_RS03925	2163	2496	2766	743	746	755
gene-OW489_RS03930	11893	11789	12709	8968	10210	8685
gene-OW489_RS03940	1670	1620	1797	715	1056	675
gene-OW489_RS03945	2512	2085	2277	1284	1925	1136
gene-OW489_RS03950	622	1201	1281	1076	1649	924
gene-OW489_RS03955	35	40	82	23	31	11
gene-OW489_RS03960	267	298	318	82	142	101
gene-OW489_RS03965	156	178	158	23	22	13
gene-OW489_RS03970	1352	1643	1666	276	442	244
gene-OW489_RS03975	2125	3138	3088	996	1231	884
gene-OW489_RS03980	10443	8170	8456	4636	6262	4160
gene-OW489_RS03985	7765	7125	7809	4441	6651	4326
gene-OW489_RS03990	6764	5172	5268	2711	3348	2574
gene-OW489_RS03995	4861	4130	5090	2469	3983	2258
gene-OW489_RS04000	820	1048	1274	1649	2046	1541
gene-OW489_RS04005	2404	2640	2695	132694	158710	147839
gene-OW489_RS04010	307	338	366	692	929	639
gene-OW489_RS04015	36	44	54	43	65	32
gene-OW489_RS04020	910	1840	2052	684	887	490
gene-OW489_RS04025	13798	9329	9979	5216	6970	4960
gene-OW489_RS04030	1149	1006	1027	634	694	583
gene-OW489_RS04035	860	973	1041	711	1340	592
gene-OW489_RS04040	2666	3014	3347	3157	3814	2898
gene-OW489_RS04045	1470	2562	2645	992	1334	731
gene-OW489_RS04050	413	592	574	422	551	344
gene-OW489_RS04055	3136	4070	4500	2266	3096	2085
gene-OW489_RS04060	3386	2986	3436	3802	4395	3415
gene-OW489_RS04065	3577	3216	3392	4050	5793	4023
gene-OW489_RS04075	82	118	122	48	56	23
gene-OW489_RS04080	500	505	578	404	458	320
gene-OW489_RS04090	434	700	723	380	546	284
gene-OW489_RS04095	543	630	658	324	432	394
gene-OW489_RS04100	41	56	62	44	63	55
gene-OW489_RS04105	933	1257	1338	1132	1290	958
gene-OW489_RS04110	164	374	319	247	342	236
gene-OW489_RS04115	14713	8617	9332	10573	14051	10826
gene-OW489_RS04120	9663	8194	8806	10838	13678	11072
gene-OW489_RS04125	33	33	56	329	1063	263
gene-OW489_RS04130	398	367	418	1341	2730	1041
gene-OW489_RS04140	491	760	941	490	749	502
gene-OW489_RS04145	555	863	912	249	298	222
gene-OW489_RS04150	100	179	155	94	135	74
gene-OW489_RS04160	1	2	6	8	10	4
gene-OW489_RS04175	869	1013	921	1199	1511	1212
gene-OW489_RS04180	542	893	957	979	1293	955
gene-OW489_RS04185	2362	1531	1598	1523	2021	1437
gene-OW489_RS04190	110	284	268	115	171	99
gene-OW489_RS04195	1796	3493	3743	3430	4499	2923
gene-OW489_RS04200	1409	1645	1802	654	759	567
gene-OW489_RS04205	1161	1495	1596	1022	1223	916
gene-OW489_RS04210	708	736	763	433	490	382
gene-OW489_RS04215	3146	2228	2204	2286	2407	2272
gene-OW489_RS04225	630	740	738	265	414	246
gene-OW489_RS04240	251	249	279	51	58	46
gene-OW489_RS04245	1321	2332	2354	2709	3631	2318
gene-OW489_RS04250	559	707	820	543	746	413
gene-OW489_RS04255	787	1128	1033	680	809	663
gene-OW489_RS04260	805	1094	1187	613	971	561
gene-OW489_RS04265	1144	2253	2338	2035	2763	1743
gene-OW489_RS04270	1887	2542	2993	2089	2421	1846
gene-OW489_RS04275	3462	3500	4492	3373	4417	3531
gene-OW489_RS04280	281	496	628	501	605	449
gene-OW489_RS04285	46	166	178	94	123	86
gene-OW489_RS04290	146	183	222	113	153	118
gene-OW489_RS04295	26	52	68	56	94	38
gene-OW489_RS04300	134	175	210	137	267	173
gene-OW489_RS04305	1397	1499	1572	778	1117	682
gene-OW489_RS04310	750	994	908	291	348	285
gene-OW489_RS04315	1212	1961	2363	1297	1751	1370
gene-OW489_RS04320	4423	5546	6153	2493	3421	2403
gene-OW489_RS04325	204	1152	1212	736	1057	620
gene-OW489_RS04330	925	1035	1164	994	1197	1095
gene-OW489_RS04335	5	20	16	4	10	10
gene-OW489_RS04360	14	54	76	41	45	29
gene-OW489_RS04365	49	67	97	151	192	82
gene-OW489_RS04370	1085	2167	2097	341	513	347
gene-OW489_RS04375	237	398	455	148	273	174
gene-OW489_RS04380	605	796	1016	492	728	527
gene-OW489_RS04385	1520	2092	2035	1298	1462	1375
gene-OW489_RS04390	6120	7012	7612	2208	2950	2176
gene-OW489_RS04395	467	1581	1971	1740	2703	1516
gene-OW489_RS04400	309	430	740	583	1383	488
gene-OW489_RS04405	33	84	83	188	231	174
gene-OW489_RS04410	15740	9859	10635	17361	20942	17163
gene-OW489_RS04415	77	77	118	107	168	130
gene-OW489_RS04420	1530	1998	2104	793	1396	613
gene-OW489_RS04425	1095	1359	1373	1921	2665	1846
gene-OW489_RS04430	14510	9515	10534	11931	15130	10497
gene-OW489_RS04435	70422	208191	192970	383811	606386	423154
gene-OW489_RS04440	1017	1470	1544	1501	1975	1385
gene-OW489_RS04445	3507	3876	4549	5398	8290	5235
gene-OW489_RS04450	1455	1189	1419	731	1263	715
gene-OW489_RS04455	7812	9277	11097	11447	21879	10433
gene-OW489_RS04465	1767	1567	2105	2361	4968	2325
gene-OW489_RS04470	3407	3577	4277	2641	4140	2387
gene-OW489_RS04475	491	552	848	704	1314	775
gene-OW489_RS04480	1115	1199	1728	1382	2553	1574
gene-OW489_RS04485	12583	10732	13395	12110	18670	11008
gene-OW489_RS04490	66	39	26	13	28	16
gene-OW489_RS04495	8259	9335	10044	15489	19298	15114
gene-OW489_RS04500	363	668	649	334	349	398
gene-OW489_RS04505	942	1011	1066	806	1184	800
gene-OW489_RS04510	48	110	108	43	62	51
gene-OW489_RS04520	183	308	493	194	331	204
gene-OW489_RS04525	747	912	1014	306	370	300
gene-OW489_RS04530	5	14	15	4	11	4
gene-OW489_RS04535	1574	1440	1440	775	1006	818
gene-OW489_RS04545	174	610	568	303	347	239
gene-OW489_RS04550	2	13	13	3	14	5
gene-OW489_RS04555	125	137	114	47	73	61
gene-OW489_RS04560	102	93	120	75	87	83
gene-OW489_RS04565	1643	1833	1926	1979	2491	1930
gene-OW489_RS04570	290	297	317	129	176	154
gene-OW489_RS04575	380	272	317	150	276	137
gene-OW489_RS04580	72	107	114	78	88	78
gene-OW489_RS04585	1585	1830	1789	1208	1286	1056
gene-OW489_RS04590	471	645	625	404	388	379
gene-OW489_RS04595	1766	2125	2281	2479	2893	2255
gene-OW489_RS04600	1446	1893	2054	2337	3226	1988
gene-OW489_RS04605	359	490	521	422	426	346
gene-OW489_RS04625	250	324	398	262	671	224
gene-OW489_RS04630	238	379	428	250	319	212
gene-OW489_RS04635	160	300	285	697	812	565
gene-OW489_RS04640	1013	1137	1171	947	1362	888
gene-OW489_RS04645	401	628	655	111	241	101
gene-OW489_RS04650	448	605	606	826	1036	746
gene-OW489_RS04655	235	193	222	140	202	146
gene-OW489_RS04660	12247	13093	13954	12924	16152	12864
gene-OW489_RS04665	34292	37137	39696	33709	35832	33549
gene-OW489_RS04670	83	253	251	219	280	218
gene-OW489_RS04675	2205	9180	9128	5258	5031	4931
gene-OW489_RS04680	5231	6138	6524	3310	4118	3123
gene-OW489_RS04685	522	670	898	1636	3262	1491
gene-OW489_RS04690	719	927	1265	2128	3991	1917
gene-OW489_RS04695	66	79	95	12	24	35
gene-OW489_RS04700	3626	4010	4299	3719	4584	3219
gene-OW489_RS04705	236	477	522	518	643	440
gene-OW489_RS04710	955	1315	1406	1077	1281	946
gene-OW489_RS04715	1568	6326	5860	6845	4542	6721
gene-OW489_RS04725	8518	5948	6904	10699	13357	8971
gene-OW489_RS04730	3287	3610	4107	3520	4869	3089
gene-OW489_RS04735	4591	4764	4732	7297	6924	7826
gene-OW489_RS04740	1354	1736	1914	1376	1993	1105
gene-OW489_RS04745	438	845	923	420	641	301
gene-OW489_RS04750	238	333	338	92	97	51
gene-OW489_RS04755	70	153	116	134	177	121
gene-OW489_RS04760	49	52	88	78	122	98
gene-OW489_RS04765	4	4	8	7	13	5
gene-OW489_RS04770	334	413	424	450	689	421
gene-OW489_RS04775	409	723	780	726	1174	593
gene-OW489_RS04780	172	210	197	208	305	200
gene-OW489_RS04790	1252	1319	1224	690	721	729
gene-OW489_RS04795	123	124	154	67	118	84
gene-OW489_RS04800	312	297	483	338	1179	261
gene-OW489_RS04805	723	429	375	374	349	385
gene-OW489_RS04810	453	732	836	727	1182	871
gene-OW489_RS04815	585	689	749	495	970	550
gene-OW489_RS04820	1954	3001	3100	2077	2800	1771
gene-OW489_RS04825	426	626	610	200	287	154
gene-OW489_RS04830	955	835	807	383	467	408
gene-OW489_RS04835	1244	1417	1284	530	534	551
gene-OW489_RS04840	9246	8421	9063	4799	6599	4549
gene-OW489_RS04845	1499	2234	2286	1937	2770	1861
gene-OW489_RS04850	469	757	611	613	652	595
gene-OW489_RS04855	1680	2446	2776	3208	4279	3011
gene-OW489_RS04860	1566	1677	1696	411	637	352
gene-OW489_RS04865	1237	1909	2362	961	1532	852
gene-OW489_RS04870	1625	1488	2013	1032	1705	864
gene-OW489_RS04875	8140	7133	8936	4331	6336	4393
gene-OW489_RS04885	47	61	46	71	65	53
gene-OW489_RS04890	10768	8663	9038	12945	24276	10905
gene-OW489_RS04895	72751	32001	32698	66131	92110	58728
gene-OW489_RS04900	158529	114289	115430	289235	360602	256511
gene-OW489_RS04905	10931	12561	17850	600	922	553
gene-OW489_RS04910	347	397	426	695	729	676
gene-OW489_RS04915	840	977	1045	1834	2008	1724
gene-OW489_RS04925	21	8	20	20	76	18
gene-OW489_RS04930	718	1349	1568	1515	2338	1339
gene-OW489_RS04935	559	789	748	197	268	238
gene-OW489_RS04940	3608	3549	3586	1795	2255	1871
gene-OW489_RS04945	16696	12881	11965	2181	2508	2037
gene-OW489_RS04950	310	272	332	409	502	384
gene-OW489_RS04955	489	349	340	435	478	427
gene-OW489_RS04960	95	111	85	131	171	141
gene-OW489_RS04965	1804	2086	2103	5301	4559	5757
gene-OW489_RS04980	5	1	4	2	4	2
gene-OW489_RS05000	519	345	351	489	714	459
gene-OW489_RS05005	836	444	494	1001	1748	1050
gene-OW489_RS05010	3970	2555	2565	6238	6386	6481
gene-OW489_RS05015	56	119	126	775	606	777
gene-OW489_RS05020	6	12	9	8	0	2
gene-OW489_RS05025	2	6	4	2	0	0
gene-OW489_RS05030	261	495	569	269	362	222
gene-OW489_RS05035	1681	2143	2277	2764	2990	2404
gene-OW489_RS05040	3211	3773	4335	4589	5918	3938
gene-OW489_RS05045	148	253	282	176	267	172
gene-OW489_RS05055	463	633	716	237	306	222
gene-OW489_RS05060	18420	15491	20257	18289	29233	15746
gene-OW489_RS05065	4672	3939	7126	5451	17504	4668
gene-OW489_RS05070	4911	4759	5138	2683	3366	2531
gene-OW489_RS05075	1393	1792	2218	945	1460	952
gene-OW489_RS05080	1173	1255	1236	496	819	466
gene-OW489_RS05085	9468	7409	9576	4238	8418	3904
gene-OW489_RS05090	14854	7898	10645	15297	34002	15845
gene-OW489_RS05095	150	269	278	206	237	170
gene-OW489_RS05100	921	1797	1825	1958	2504	1683
gene-OW489_RS05110	144	366	393	672	508	625
gene-OW489_RS05115	1204	795	822	408	539	370
gene-OW489_RS05120	821	911	774	459	698	484
gene-OW489_RS05125	913	955	848	986	1357	999
gene-OW489_RS05130	303	368	405	339	420	285
gene-OW489_RS05135	1832	2672	2949	1261	1600	1034
gene-OW489_RS05140	2060	2596	2674	3016	3631	2809
gene-OW489_RS05145	1658	1791	1772	1624	2114	1637
gene-OW489_RS05150	1006	707	710	564	769	558
gene-OW489_RS05155	66	103	88	14	34	15
gene-OW489_RS05160	87	71	69	35	65	48
gene-OW489_RS05165	140	739	572	74	72	53
gene-OW489_RS05170	35	108	82	16	28	11
gene-OW489_RS05175	97	231	219	296	363	284
gene-OW489_RS05180	909	964	866	350	421	248
gene-OW489_RS05185	1625	1918	1794	1148	1447	1156
gene-OW489_RS05190	1499	1113	1313	454	928	455
gene-OW489_RS05195	1027	849	1117	505	850	482
gene-OW489_RS05200	3731	2990	3244	2445	3226	2141
gene-OW489_RS05205	1348	911	1000	639	727	608
gene-OW489_RS05220	23	31	30	2	3	4
gene-OW489_RS05225	327	1653	1786	81	90	103
gene-OW489_RS05230	2735	2385	2440	113	159	142
gene-OW489_RS05235	2250	8607	9593	885	1690	923
gene-OW489_RS05240	10355	15655	15650	22498	24986	20993
gene-OW489_RS05245	876	1383	1460	1728	2804	1520
gene-OW489_RS05250	543	593	749	521	1427	497
gene-OW489_RS05255	434	779	982	806	1184	914
gene-OW489_RS05260	359	499	473	254	257	191
gene-OW489_RS05265	170	171	188	160	215	232
gene-OW489_RS05270	4209	3455	3561	3853	5274	3912
gene-OW489_RS05280	1094	1848	1730	1170	1102	957
gene-OW489_RS05285	707	940	886	260	317	217
gene-OW489_RS05290	1529	1451	1589	641	1022	636
gene-OW489_RS05295	4558	7966	8142	6383	7817	5885
gene-OW489_RS05300	525	654	661	594	758	515
gene-OW489_RS05305	1126	1039	1173	1195	1268	1186
gene-OW489_RS05310	2403	2389	2784	2869	3562	2947
gene-OW489_RS05325	5	0	1	1	8	4
gene-OW489_RS05330	19	44	51	22	56	16
gene-OW489_RS05335	1227	1435	1495	729	1251	800
gene-OW489_RS05340	393	487	533	202	284	214
gene-OW489_RS05345	736	958	1047	250	331	241
gene-OW489_RS05350	3578	3910	4033	3286	4517	2803
gene-OW489_RS05355	1803	1786	2003	2614	3277	2202
gene-OW489_RS05360	3870	3837	4003	3130	3747	2755
gene-OW489_RS05365	106	239	278	245	360	210
gene-OW489_RS05370	668	760	780	1152	1282	1000
gene-OW489_RS05375	2221	3760	4076	2251	2878	1955
gene-OW489_RS05380	1555	2261	2202	2206	2186	2007
gene-OW489_RS05385	1838	2012	2095	1716	2165	1432
gene-OW489_RS05400	542	997	1037	1555	1916	1585
gene-OW489_RS05415	2254	2328	2549	9943	15780	8323
gene-OW489_RS05430	0	7	2	11	4	6
gene-OW489_RS05600	67	158	173	531	648	353
gene-OW489_RS05605	2641	2361	2438	608	791	589
gene-OW489_RS05610	325	379	360	145	237	132
gene-OW489_RS05620	74	172	199	118	330	117
gene-OW489_RS05625	28	35	35	18	36	23
gene-OW489_RS05630	416	673	825	1295	2415	1460
gene-OW489_RS05635	917	1188	1224	476	470	469
gene-OW489_RS05640	505	603	595	532	628	436
gene-OW489_RS05645	633	874	826	568	807	490
gene-OW489_RS05650	308	622	616	153	175	159
gene-OW489_RS05675	1057	1507	1488	485	569	374
gene-OW489_RS05680	3327	2380	2376	1555	1512	1287
gene-OW489_RS05685	572	1016	964	1828	1917	1770
gene-OW489_RS05690	220	209	155	380	347	394
gene-OW489_RS05695	1110	1035	1120	1388	1586	1448
gene-OW489_RS05700	83	164	159	34	50	17
gene-OW489_RS05705	2	6	3	1	0	0
gene-OW489_RS05710	6472	4476	6050	4367	9745	4016
gene-OW489_RS05715	10286	9932	13122	11968	22576	10489
gene-OW489_RS05720	560	1046	1056	712	820	604
gene-OW489_RS05725	1588	1227	1310	1313	1511	1303
gene-OW489_RS05730	125	380	398	576	803	533
gene-OW489_RS05735	1878	2054	2483	3244	4916	3451
gene-OW489_RS05740	4686	3636	4326	4152	6404	3900
gene-OW489_RS05745	1304	967	1285	1097	1256	1080
gene-OW489_RS05750	8108	7428	8774	8703	14367	8148
gene-OW489_RS05755	1701	1520	1689	954	1462	893
gene-OW489_RS05760	1219	1443	1513	681	990	550
gene-OW489_RS05765	1314	1433	1464	504	607	434
gene-OW489_RS05770	1272	1475	1579	1271	1650	1272
gene-OW489_RS05775	270	334	312	331	189	394
gene-OW489_RS05780	1679	1906	1977	1148	2232	1003
gene-OW489_RS05785	3458	4081	4508	4920	5634	4611
gene-OW489_RS05790	8691	7422	8156	9076	12404	8847
gene-OW489_RS05795	7029	4025	4471	5175	7723	5032
gene-OW489_RS05805	1059	1574	1555	548	608	444
gene-OW489_RS05815	2813	5518	5845	4866	4934	4253
gene-OW489_RS05820	6214	10289	10969	6616	7494	5644
gene-OW489_RS05830	186	315	313	348	366	340
gene-OW489_RS05835	2702	2222	2471	5728	7917	5405
gene-OW489_RS05840	88727	92551	102384	142300	180730	135856
gene-OW489_RS05845	21026	16606	19477	4643	7712	4173
gene-OW489_RS05850	468	597	509	204	264	141
gene-OW489_RS05855	58	88	76	11	35	18
gene-OW489_RS05860	306	376	344	153	270	146
gene-OW489_RS05865	373	556	391	308	274	320
gene-OW489_RS05870	412	827	811	582	703	478
gene-OW489_RS05875	727	783	733	301	259	237
gene-OW489_RS05880	547	678	638	437	440	428
gene-OW489_RS05885	444	946	1029	498	640	385
gene-OW489_RS05890	643	852	837	1200	1554	1049
gene-OW489_RS05895	1704	2441	2579	3230	3598	2899
gene-OW489_RS05900	385	543	473	425	574	451
gene-OW489_RS05905	1341	1188	1205	740	851	766
gene-OW489_RS05910	460	642	671	560	640	661
gene-OW489_RS05915	27	31	30	33	25	24
gene-OW489_RS05920	458	300	358	325	354	302
gene-OW489_RS05925	212	257	296	89	110	105
gene-OW489_RS05930	4908	4847	5437	1123	1303	1094
gene-OW489_RS05935	4560	3595	3813	802	885	656
gene-OW489_RS05940	469	617	555	215	220	140
gene-OW489_RS05955	3042	3140	3391	5137	5949	4734
gene-OW489_RS05960	699	2478	2735	4654	5997	4514
gene-OW489_RS05965	8726	12657	14525	33756	58380	31603
gene-OW489_RS05970	323	648	661	882	1689	831
gene-OW489_RS05975	138	305	302	379	393	476
gene-OW489_RS05980	628	1100	1332	1197	2066	1157
gene-OW489_RS05990	438	523	522	603	604	641
gene-OW489_RS05995	673	668	662	980	1125	890
gene-OW489_RS06000	260	1296	1221	97	94	81
gene-OW489_RS06005	560	1641	1521	68	71	98
gene-OW489_RS06010	520	1724	1588	120	149	175
gene-OW489_RS06015	237	1078	1001	45	60	93
gene-OW489_RS06030	2128	1614	3565	16910	85114	12329
gene-OW489_RS06035	606	1497	2486	16479	43095	11911
gene-OW489_RS06040	694	925	889	590	760	529
gene-OW489_RS06045	1178	1799	1839	1545	1917	1629
gene-OW489_RS06050	1372	2025	2305	3296	4942	3350
gene-OW489_RS06055	467	575	524	67	69	76
gene-OW489_RS06060	346	507	468	52	102	67
gene-OW489_RS06065	1348	2045	1771	139	162	124
gene-OW489_RS06070	29	189	220	66	112	49
gene-OW489_RS06075	1083	1285	1311	486	598	428
gene-OW489_RS06080	2913	2749	2848	3374	4095	3166
gene-OW489_RS06085	1372	1374	1466	1796	2457	2058
gene-OW489_RS06090	53	81	94	50	72	56
gene-OW489_RS06095	279	571	568	171	203	145
gene-OW489_RS06100	1680	2262	2725	190	340	205
gene-OW489_RS06110	263	336	393	201	446	189
gene-OW489_RS06115	4383	5656	5979	4570	6090	3964
gene-OW489_RS06120	1745	2889	3337	2388	3360	2134
gene-OW489_RS06125	4733	6089	6506	10758	13903	10560
gene-OW489_RS06130	20	27	37	20	33	25
gene-OW489_RS06135	2729	3074	3461	4131	5530	3829
gene-OW489_RS06140	2500	2271	2406	3003	3757	2900
gene-OW489_RS06145	6586	5380	5679	7081	8308	6818
gene-OW489_RS06150	926	905	1157	940	1734	1118
gene-OW489_RS06155	322	422	547	244	514	192
gene-OW489_RS06170	601	845	924	316	448	293
gene-OW489_RS06175	577	714	603	189	266	170
gene-OW489_RS06180	100	168	162	98	145	115
gene-OW489_RS06185	1505	1955	2155	1750	2319	1747
gene-OW489_RS06190	260	350	343	138	253	128
gene-OW489_RS06195	333	733	752	539	700	532
gene-OW489_RS06200	109	83	110	63	107	79
gene-OW489_RS06205	67	174	153	160	156	176
gene-OW489_RS06210	486	634	524	407	602	361
gene-OW489_RS06215	842	916	894	751	1055	654
gene-OW489_RS06220	722	626	554	563	726	666
gene-OW489_RS06225	531	787	820	642	998	539
gene-OW489_RS06235	324	729	686	804	985	882
gene-OW489_RS06240	80	156	173	109	187	121
gene-OW489_RS06250	5880	7746	7683	6191	6343	6138
gene-OW489_RS06255	1038	1238	1284	425	621	338
gene-OW489_RS06260	493	556	494	197	223	179
gene-OW489_RS06265	204	352	336	89	159	68
gene-OW489_RS06270	1849	2814	2926	2589	2937	2277
gene-OW489_RS06275	1850	2740	3021	4176	6695	3881
gene-OW489_RS06280	554	992	1139	1287	2145	1042
gene-OW489_RS06285	25	34	23	17	14	22
gene-OW489_RS06295	1469	2665	2659	1730	1833	1582
gene-OW489_RS06300	4739	5276	5486	3436	5032	3167
gene-OW489_RS06305	6215	6224	6239	4166	5079	4027
gene-OW489_RS06310	330	360	424	281	198	293
gene-OW489_RS06315	296	265	283	193	302	240
gene-OW489_RS06320	137	540	561	279	278	174
gene-OW489_RS06325	1271	1062	1253	1080	2084	1193
gene-OW489_RS06330	630	1209	1584	720	910	518
gene-OW489_RS06335	42	144	118	190	225	144
gene-OW489_RS06340	936	955	995	523	601	505
gene-OW489_RS06345	487	258	316	166	261	163
gene-OW489_RS06350	112	208	195	86	110	86
gene-OW489_RS06355	541	563	626	931	1357	981
gene-OW489_RS06360	142	109	117	177	297	161
gene-OW489_RS06365	284	449	533	1016	1400	907
gene-OW489_RS06370	375	566	580	3442	4068	3330
gene-OW489_RS06375	2283	1587	2001	3077	5669	2936
gene-OW489_RS06385	152	214	308	301	402	292
gene-OW489_RS06390	5	5	11	16	31	13
gene-OW489_RS06395	20	45	51	48	58	44
gene-OW489_RS06400	5624	11682	14057	2500	3588	2471
gene-OW489_RS06405	9448	6725	8491	1139	1761	1335
gene-OW489_RS06410	6807	7061	10203	1480	3303	1561
gene-OW489_RS06415	4170	4069	5807	985	2204	865
gene-OW489_RS06420	18380	13584	17435	3448	4808	3338
gene-OW489_RS06425	5157	4980	6742	1283	2323	1279
gene-OW489_RS06430	8836	4776	5928	1238	1564	1128
gene-OW489_RS06435	12081	10448	12142	2474	4138	2471
gene-OW489_RS06440	4544	5079	5620	1525	1832	1553
gene-OW489_RS06445	1212	1724	2326	558	1037	557
gene-OW489_RS06450	2189	2348	2834	691	1094	655
gene-OW489_RS06455	5207	2834	3710	852	1702	808
gene-OW489_RS06460	1383	1157	1529	413	721	410
gene-OW489_RS06465	4935	4497	5682	1467	1668	1536
gene-OW489_RS06470	674	1495	2124	501	862	468
gene-OW489_RS06475	5798	3490	4932	1254	2851	1353
gene-OW489_RS06480	5983	5287	7105	1953	3047	1934
gene-OW489_RS06485	2777	2269	2793	708	1055	830
gene-OW489_RS06490	6119	5325	6520	1751	1725	1803
gene-OW489_RS06495	3867	4313	6074	1709	4119	1635
gene-OW489_RS06500	8856	6788	9936	2269	5238	2522
gene-OW489_RS06505	4825	3279	4200	1080	1464	1045
gene-OW489_RS06510	719	1100	1308	352	517	340
gene-OW489_RS06515	112	702	936	270	371	237
gene-OW489_RS06520	2003	3743	4432	1941	2986	2050
gene-OW489_RS06525	1998	3353	3585	1371	1530	1628
gene-OW489_RS06530	7989	7093	8188	3365	5339	3717
gene-OW489_RS06535	27749	20595	23429	9107	13401	8867
gene-OW489_RS06540	5735	6878	7097	3217	3622	2967
gene-OW489_RS06545	246	358	365	218	295	164
gene-OW489_RS06550	947	1273	1371	988	1386	778
gene-OW489_RS06555	291	379	406	744	946	703
gene-OW489_RS06560	237	453	419	386	399	368
gene-OW489_RS06565	4356	5241	5700	9119	12278	8132
gene-OW489_RS06570	925	1354	1586	1269	2037	1039
gene-OW489_RS06575	586	933	985	930	1205	855
gene-OW489_RS06580	129	183	218	126	252	139
gene-OW489_RS06585	322	424	380	393	518	385
gene-OW489_RS06590	272	502	488	196	284	136
gene-OW489_RS06595	254	310	336	267	285	256
gene-OW489_RS06600	29	117	106	109	153	93
gene-OW489_RS06610	1188	1575	1418	874	1119	741
gene-OW489_RS06615	796	1601	1651	727	970	562
gene-OW489_RS06620	6662	5149	5423	5258	7461	4448
gene-OW489_RS06625	2344	2058	2307	2221	3638	1854
gene-OW489_RS06630	6805	4822	5168	5813	6948	5478
gene-OW489_RS06635	1030	993	1146	1399	1897	1239
gene-OW489_RS06640	2357	1916	1928	2725	3828	2400
gene-OW489_RS06645	4632	3581	3679	5557	6389	4687
gene-OW489_RS06650	5258	4898	4878	7023	8965	6292
gene-OW489_RS06655	9468	8913	9069	13480	17045	12485
gene-OW489_RS06660	868	918	935	846	1050	781
gene-OW489_RS06665	1423	910	1051	1400	2009	1298
gene-OW489_RS06670	5664	6159	6228	8501	8240	7728
gene-OW489_RS06675	3896	3502	3643	4443	5469	4102
gene-OW489_RS06680	6486	3647	3706	4370	3943	4194
gene-OW489_RS06685	3118	3650	3714	4785	5594	4482
gene-OW489_RS06690	1872	2006	1848	1374	1698	1376
gene-OW489_RS06695	310	576	595	300	419	290
gene-OW489_RS06700	841	746	811	681	817	659
gene-OW489_RS06705	1099	2574	2678	3196	3788	2860
gene-OW489_RS06710	1123	2036	2116	1897	2238	1581
gene-OW489_RS06715	175	247	253	51	51	68
gene-OW489_RS06720	399	454	494	480	548	425
gene-OW489_RS06725	1198	2282	2216	2044	2399	1878
gene-OW489_RS06730	749	674	743	1272	1271	1169
gene-OW489_RS06735	26	44	37	37	53	19
gene-OW489_RS06740	867	828	681	730	997	799
gene-OW489_RS06745	410	510	484	197	284	149
gene-OW489_RS06750	380	656	699	337	552	257
gene-OW489_RS06755	6346	9342	8819	5731	5886	5780
gene-OW489_RS06760	17270	7012	6797	3987	4198	4186
gene-OW489_RS06765	2955	4082	3763	2688	2753	2772
gene-OW489_RS06770	74	72	89	111	212	89
gene-OW489_RS06775	622	4532	3886	7156	7865	6930
gene-OW489_RS06780	745	743	848	767	1048	869
gene-OW489_RS06785	36	48	58	42	99	48
gene-OW489_RS06795	93	191	183	45	37	35
gene-OW489_RS06800	1187	1302	1442	363	412	349
gene-OW489_RS06805	2092	2736	2802	3231	3926	2782
gene-OW489_RS06810	1623	2220	2186	2990	3570	2728
gene-OW489_RS06815	333	385	498	340	501	279
gene-OW489_RS06820	524	511	560	382	485	353
gene-OW489_RS06825	1827	2803	3208	759	1032	589
gene-OW489_RS06830	1000	976	906	209	242	147
gene-OW489_RS06835	287	683	717	184	245	136
gene-OW489_RS06840	1202	1448	1430	620	829	526
gene-OW489_RS06845	3315	2660	2535	1409	1572	1428
gene-OW489_RS06850	1238	1482	1459	579	727	513
gene-OW489_RS06855	1181	2577	2409	11718	13833	11463
gene-OW489_RS06860	59	61	79	102	128	108
gene-OW489_RS06865	51	88	77	70	71	57
gene-OW489_RS06870	42	32	34	24	52	37
gene-OW489_RS06875	187	361	374	966	1206	1078
gene-OW489_RS06880	2885	3233	3457	7487	9885	6745
gene-OW489_RS06885	453	860	936	783	1037	634
gene-OW489_RS06890	454	413	437	333	526	346
gene-OW489_RS06895	5299	6239	7160	5778	7438	5687
gene-OW489_RS06900	913	895	1129	529	859	544
gene-OW489_RS06905	994	1521	1554	369	406	323
gene-OW489_RS06910	971	1858	1770	697	692	684
gene-OW489_RS06915	4025	3803	4079	2213	3006	2112
gene-OW489_RS06920	3266	7696	9424	4782	5524	7094
gene-OW489_RS06925	36	99	129	13	28	14
gene-OW489_RS06935	131	145	164	91	123	119
gene-OW489_RS06945	31	38	32	12	19	11
gene-OW489_RS06950	507	531	556	1241	1285	1245
gene-OW489_RS06955	519	1246	1396	816	1080	679
gene-OW489_RS06965	422	405	356	18	23	31
gene-OW489_RS06970	301	272	295	11	17	23
gene-OW489_RS06975	347	1140	1102	347	398	310
gene-OW489_RS06980	78535	58107	58090	49324	59436	50655
gene-OW489_RS06985	2944	5941	5731	5007	3973	5265
gene-OW489_RS06990	406	948	996	52	87	60
gene-OW489_RS06995	2810	7039	7220	2192	2977	2046
gene-OW489_RS07000	15622	15235	15837	4653	5409	4457
gene-OW489_RS07005	7655	10206	10742	7004	8294	6744
gene-OW489_RS07010	18299	14048	14053	8694	8962	8471
gene-OW489_RS07015	16892	8245	8110	1810	2473	1665
gene-OW489_RS07020	13671	21616	19976	4457	3759	4768
gene-OW489_RS07025	77253	56516	61903	23735	34678	22253
gene-OW489_RS07030	2549	5759	6115	4397	5491	4414
gene-OW489_RS07035	3766	4709	4964	4166	4446	4380
gene-OW489_RS07040	48228	29807	34678	22034	31773	22826
gene-OW489_RS07045	233	578	577	685	905	528
gene-OW489_RS07050	105	202	219	88	121	80
gene-OW489_RS07055	2145	2525	2701	4632	6106	4711
gene-OW489_RS07060	1919	1840	2071	3047	4819	3158
gene-OW489_RS07070	2901	8782	9326	3797	5175	3398
gene-OW489_RS07075	375	450	451	75	113	76
gene-OW489_RS07080	903	1023	1087	503	699	547
gene-OW489_RS07085	831	918	907	504	676	457
gene-OW489_RS07090	4302	3520	3290	1641	2061	1524
gene-OW489_RS07095	443	585	630	596	723	674
gene-OW489_RS07105	678	553	718	796	1456	811
gene-OW489_RS07110	641	565	697	1151	1703	1027
gene-OW489_RS07115	359	460	471	1200	1448	1157
gene-OW489_RS07120	6473	10817	13478	4704	5675	4163
gene-OW489_RS07125	1652	2265	2559	1455	2278	1399
gene-OW489_RS07130	910	897	827	423	462	485
gene-OW489_RS07135	698	950	938	1106	710	1033
gene-OW489_RS07140	1448	1899	1913	1697	2265	1647
gene-OW489_RS07145	940	771	689	654	777	609
gene-OW489_RS07150	103	114	108	33	50	37
gene-OW489_RS07155	172	261	251	81	110	60
gene-OW489_RS07160	3477	2143	2367	2189	3296	2230
gene-OW489_RS07165	614	974	830	1023	1204	893
gene-OW489_RS07170	738	702	882	2196	3336	2003
gene-OW489_RS07175	863	1113	1059	300	395	287
gene-OW489_RS07180	6372	5396	6126	8650	11760	7892
gene-OW489_RS07185	57	142	128	128	113	129
gene-OW489_RS07190	34	50	54	70	87	54
gene-OW489_RS07195	3846	7565	7326	15343	13937	16019
gene-OW489_RS07200	1187	2031	2224	1218	1633	1093
gene-OW489_RS07215	178	144	186	70	264	46
gene-OW489_RS07220	217	363	404	443	663	347
gene-OW489_RS07225	1562	3613	3823	3723	4304	2918
gene-OW489_RS07230	3093	4660	4694	4319	5414	3643
gene-OW489_RS07235	6408	8462	9466	3435	3970	3037
gene-OW489_RS07240	6421	7884	9319	2839	3682	2660
gene-OW489_RS07245	2764	2545	2679	5438	6656	5214
gene-OW489_RS07250	1414	1410	1636	3483	4589	3667
gene-OW489_RS07255	2905	4557	4623	3524	4144	3476
gene-OW489_RS07260	1873	3746	3828	2418	2844	2791
gene-OW489_RS07265	580	388	390	141	151	149
gene-OW489_RS07270	1315	1418	1565	227	380	229
gene-OW489_RS07275	1877	4281	4171	3056	2044	3531
gene-OW489_RS07290	72	127	122	458	926	368
gene-OW489_RS07295	48	71	109	104	146	89
gene-OW489_RS07300	71	62	66	71	147	87
gene-OW489_RS07305	4	9	8	6	5	7
gene-OW489_RS07310	3812	3615	4178	2215	3126	2189
gene-OW489_RS07315	1985	1465	1706	1601	2616	1700
gene-OW489_RS07320	3698	4231	3975	1730	1506	1662
gene-OW489_RS07325	4889	5160	5362	3080	4334	2767
gene-OW489_RS07330	1102	1283	1224	736	954	742
gene-OW489_RS07335	20223	17214	16560	13273	13884	12391
gene-OW489_RS07340	5995	8007	8306	6348	8610	6174
gene-OW489_RS07345	9429	8940	8858	8099	9565	9036
gene-OW489_RS07350	1948	1671	1664	1269	914	1473
gene-OW489_RS07355	2524	3963	4338	2987	5261	2997
gene-OW489_RS07360	2132	3046	3268	1663	3099	1505
gene-OW489_RS07365	1944	3187	3443	974	1574	832
gene-OW489_RS07370	3362	4916	5126	3226	4467	3090
gene-OW489_RS07375	5279	8686	9319	10443	12199	10706
gene-OW489_RS07380	7875	9481	10552	8382	11011	8342
gene-OW489_RS07385	1059	1498	1592	1641	2504	1704
gene-OW489_RS07390	346	507	592	530	1010	530
gene-OW489_RS07395	73	165	182	89	169	81
gene-OW489_RS07400	776	1266	1442	330	411	330
gene-OW489_RS07405	2309	3612	3817	1590	2162	1425
gene-OW489_RS07410	6481	8306	9562	3517	3983	2750
gene-OW489_RS07415	2693	2968	4437	4222	9414	4304
gene-OW489_RS07420	349	914	1040	1003	1588	989
gene-OW489_RS07430	504	570	578	772	805	624
gene-OW489_RS07435	83	85	128	23	27	23
gene-OW489_RS07440	3673	2742	2832	1481	2019	1395
gene-OW489_RS07445	11254	8428	9413	24459	33029	23024
gene-OW489_RS07450	14668	9360	10977	25426	38606	22438
gene-OW489_RS07455	2488	2291	2563	6993	8139	6164
gene-OW489_RS07460	1332	1273	1379	3279	5609	3296
gene-OW489_RS07465	3231	2523	2726	2108	2261	2154
gene-OW489_RS07470	724	1425	1603	1364	2043	1460
gene-OW489_RS07475	398	562	603	311	346	360
gene-OW489_RS07480	28	48	56	19	41	22
gene-OW489_RS07485	2411	2686	2706	6360	5785	6250
gene-OW489_RS07490	2848	2408	2432	2963	4008	3044
gene-OW489_RS07495	543	665	696	543	758	447
gene-OW489_RS07500	2392	4900	5135	3584	4950	3194
gene-OW489_RS07505	2506	1888	2114	3243	4876	3213
gene-OW489_RS07510	0	0	2	9	12	9
gene-OW489_RS07515	44	71	111	169	411	172
gene-OW489_RS07520	144	212	187	87	94	83
gene-OW489_RS07525	193	330	363	454	635	377
gene-OW489_RS07530	91	304	289	8	25	15
gene-OW489_RS07540	1802	2508	2682	3226	3939	3176
gene-OW489_RS07545	120	152	141	77	80	58
gene-OW489_RS07550	1121	1286	1230	803	1123	564
gene-OW489_RS07555	1643	1335	1324	1395	1648	1285
gene-OW489_RS07560	2185	2602	2644	3255	3433	3155
gene-OW489_RS07565	41	46	47	8	2	4
gene-OW489_RS07570	3379	2954	3458	1103	1584	902
gene-OW489_RS07575	5321	5024	5787	3542	4832	3093
gene-OW489_RS08150	46	167	156	10	21	17
gene-OW489_RS08155	121	361	393	74	87	68
gene-OW489_RS07585	1209	2302	2439	647	896	610
gene-OW489_RS07590	9258	6635	7052	6312	7951	6335
gene-OW489_RS07595	1212	1151	1244	914	1113	920
gene-OW489_RS07600	1368	1750	1725	1476	1836	1253
gene-OW489_RS07605	33	115	106	304	307	308
gene-OW489_RS07610	359	421	424	256	275	181
gene-OW489_RS07615	978	850	976	438	623	320
gene-OW489_RS07620	312	808	727	116	140	93
gene-OW489_RS07625	953	1646	1797	2061	3069	1823
gene-OW489_RS07630	4595	6041	6586	4188	5956	3343
gene-OW489_RS07635	46	116	129	28	51	37
gene-OW489_RS07640	260	345	409	580	792	635
gene-OW489_RS07645	1523	1256	1316	1847	2470	1705
gene-OW489_RS07650	4690	5112	5505	12085	14636	11287
gene-OW489_RS07655	165	234	210	127	220	102
gene-OW489_RS07660	4	55	54	45	58	29
gene-OW489_RS07665	277	1126	1078	1623	1778	1465
gene-OW489_RS07670	212	677	759	688	1049	676
gene-OW489_RS07675	684	900	832	538	678	440
gene-OW489_RS07680	1057	893	820	2597	3438	2539
gene-OW489_RS07685	4529	5540	5033	36534	46100	34960
gene-OW489_RS07690	13822	11570	12982	20954	26224	21712
gene-OW489_RS07695	840	1307	1300	2021	2689	1892
gene-OW489_RS07700	8214	7401	7517	11062	12821	10495
gene-OW489_RS07705	2670	3314	3184	2422	2609	2217
gene-OW489_RS07710	132	444	383	81	129	72
gene-OW489_RS07715	1841	1521	1446	451	654	362
gene-OW489_RS07720	3656	4645	4542	2710	3620	2295
gene-OW489_RS07725	6361	5493	5488	3872	4412	3626
gene-OW489_RS07730	276	540	553	236	418	210
gene-OW489_RS07735	30161	31361	32091	17898	21478	16879
gene-OW489_RS07740	2866	2821	2953	2973	3848	2511
gene-OW489_RS07745	1416	1473	1591	1006	1345	817
gene-OW489_RS07750	2307	2669	3032	2729	3715	2221
gene-OW489_RS07755	1957	2643	2712	2628	3070	2368
gene-OW489_RS07760	781	1201	1124	1243	1216	1301
gene-OW489_RS07765	2101	2043	1842	1666	1846	1775
gene-OW489_RS07770	1268	1485	1627	997	1321	896
gene-OW489_RS07780	373	574	600	752	1115	816
gene-OW489_RS07785	1951	1448	1538	1429	2151	1656
gene-OW489_RS07790	9	14	18	21	46	24
gene-OW489_RS07795	109	165	167	35	37	22
gene-OW489_RS07800	293	1044	1023	89	131	85
gene-OW489_RS07805	162	597	596	66	76	83
gene-OW489_RS07810	331	652	712	44	51	45
gene-OW489_RS07815	3229	3606	3928	2960	3894	2959
gene-OW489_RS07820	4487	4672	5001	4235	5646	3909
gene-OW489_RS07825	6532	5255	5680	5343	7088	4989
gene-OW489_RS07830	521	559	575	455	618	420
gene-OW489_RS07835	603	709	710	432	457	354
gene-OW489_RS07840	411	572	547	340	418	329
gene-OW489_RS07845	1398	2034	2108	996	1538	925
gene-OW489_RS07850	3334	3363	3199	2545	3194	2490
gene-OW489_RS08050	219	178	180	172	190	168
gene-OW489_RS08070	104	117	177	151	446	183
gene-OW489_RS08075	1809	1444	1597	1778	3181	1807
gene-OW489_RS08080	40	103	72	106	58	116
